date,sustainable denim,Levi's India
2021-08-01,4,5
2021-08-08,3,5
2021-08-15,2,7
2021-08-22,3,6
2021-08-29,0,4
2021-09-05,3,4
2021-09-12,3,6
2021-09-19,2,5
2021-09-26,2,4
2021-10-03,4,6
2021-10-10,3,7
2021-10-17,4,6
2021-10-24,4,4
2021-10-31,2,5
2021-11-07,3,4
2021-11-14,4,6
2021-11-21,0,6
2021-11-28,0,6
2021-12-05,2,5
2021-12-12,2,6
2021-12-19,2,6
2021-12-26,3,7
2022-01-02,4,8
2022-01-09,2,9
2022-01-16,0,7
2022-01-23,3,8
2022-01-30,3,6
2022-02-06,3,7
2022-02-13,4,7
2022-02-20,3,8
2022-02-27,5,7
2022-03-06,3,9
2022-03-13,3,6
2022-03-20,4,9
2022-03-27,3,8
2022-04-03,3,7
2022-04-10,3,8
2022-04-17,4,8
2022-04-24,5,8
2022-05-01,2,9
2022-05-08,3,11
2022-05-15,3,7
2022-05-22,3,7
2022-05-29,3,7
2022-06-05,2,8
2022-06-12,2,9
2022-06-19,3,9
2022-06-26,2,10
2022-07-03,2,10
2022-07-10,2,7
2022-07-17,2,10
2022-07-24,3,9
2022-07-31,2,9
2022-08-07,2,10
2022-08-14,2,8
2022-08-21,2,9
2022-08-28,2,6
2022-09-04,3,6
2022-09-11,3,9
2022-09-18,3,10
2022-09-25,3,10
2022-10-02,2,10
2022-10-09,3,10
2022-10-16,2,10
2022-10-23,2,7
2022-10-30,1,9
2022-11-06,2,7
2022-11-13,3,10
2022-11-20,2,9
2022-11-27,2,11
2022-12-04,2,8
2022-12-11,2,8
2022-12-18,0,8
2022-12-25,0,12
2023-01-01,3,11
2023-01-08,3,8
2023-01-15,2,10
2023-01-22,2,10
2023-01-29,3,11
2023-02-05,2,10
2023-02-12,2,9
2023-02-19,2,10
2023-02-26,0,8
2023-03-05,4,9
2023-03-12,3,10
2023-03-19,3,8
2023-03-26,2,8
2023-04-02,3,8
2023-04-09,3,9
2023-04-16,2,9
2023-04-23,2,6
2023-04-30,3,7
2023-05-07,2,6
2023-05-14,2,9
2023-05-21,4,8
2023-05-28,2,7
2023-06-04,3,9
2023-06-11,2,8
2023-06-18,2,9
2023-06-25,2,11
2023-07-02,0,8
2023-07-09,2,7
2023-07-16,3,9
2023-07-23,2,8
2023-07-30,2,9
2023-08-06,2,9
2023-08-13,3,9
2023-08-20,2,9
2023-08-27,2,7
2023-09-03,0,8
2023-09-10,2,7
2023-09-17,2,8
2023-09-24,2,8
2023-10-01,2,9
2023-10-08,3,10
2023-10-15,2,10
2023-10-22,2,9
2023-10-29,3,8
2023-11-05,0,7
2023-11-12,2,6
2023-11-19,2,9
2023-11-26,4,10
2023-12-03,3,12
2023-12-10,0,9
2023-12-17,2,10
2023-12-24,2,12
2023-12-31,0,9
2024-01-07,0,7
2024-01-14,3,7
2024-01-21,2,8
2024-01-28,0,6
2024-02-04,2,7
2024-02-11,2,6
2024-02-18,0,6
2024-02-25,2,8
2024-03-03,0,8
2024-03-10,3,5
2024-03-17,3,5
2024-03-24,0,4
2024-03-31,2,5
2024-04-07,4,6
2024-04-14,3,3
2024-04-21,3,3
2024-04-28,4,5
2024-05-05,2,5
2024-05-12,2,5
2024-05-19,0,4
2024-05-26,2,5
2024-06-02,2,4
2024-06-09,2,4
2024-06-16,3,4
2024-06-23,3,4
2024-06-30,0,4
2024-07-07,3,6
2024-07-14,2,4
2024-07-21,0,6
2024-07-28,0,6
2024-08-04,2,6
2024-08-11,0,4
2024-08-18,2,4
2024-08-25,3,3
2024-09-01,2,5
2024-09-08,2,4
2024-09-15,2,4
2024-09-22,2,4
2024-09-29,3,5
2024-10-06,3,4
2024-10-13,3,6
2024-10-20,3,5
2024-10-27,3,4
2024-11-03,0,4
2024-11-10,4,4
2024-11-17,3,6
2024-11-24,3,7
2024-12-01,3,3
2024-12-08,3,5
2024-12-15,0,8
2024-12-22,0,7
2024-12-29,0,6
2025-01-05,2,4
2025-01-12,0,5
2025-01-19,2,2
2025-01-26,0,4
2025-02-02,2,4
2025-02-09,0,4
2025-02-16,4,4
2025-02-23,2,3
2025-03-02,2,4
2025-03-09,0,3
2025-03-16,3,4
2025-03-23,0,4
2025-03-30,0,4
2025-04-06,3,4
2025-04-13,2,3
2025-04-20,3,4
2025-04-27,2,5
2025-05-04,3,5
2025-05-11,3,4
2025-05-18,4,4
2025-05-25,4,4
2025-06-01,4,5
2025-06-08,3,6
2025-06-15,3,6
2025-06-22,3,5
2025-06-29,3,5
2025-07-06,2,6
2025-07-13,3,9
2025-07-20,2,14
2025-07-27,3,25
2025-08-03,7,35
2025-08-10,6,40
2025-08-17,12,42
2025-08-24,8,45
2025-08-31,7,66
2025-09-07,8,81
2025-09-14,8,67
2025-09-21,10,82
2025-09-28,7,77
2025-10-05,10,63
2025-10-12,9,69
2025-10-19,9,73
2025-10-26,8,69
2025-11-02,7,74
2025-11-09,8,86
2025-11-16,9,92
2025-11-23,9,100
2025-11-30,8,91
2025-12-07,7,62
2025-12-14,8,73
2025-12-21,5,50
2025-12-28,5,49
2026-01-04,6,42
2026-01-11,7,50
2026-01-18,9,61
2026-01-25,9,69
2026-02-01,11,68
2026-02-08,22,67
2026-02-15,28,49
2026-02-22,23,31
2026-03-01,11,38
2026-03-08,12,42
2026-03-15,14,41
2026-03-22,39,57
2026-03-29,53,68
2026-04-05,64,79
2026-04-12,72,68
2026-04-19,64,54
2026-04-26,64,53
2026-05-03,96,53
2026-05-10,85,67
2026-05-17,36,63
2026-05-24,28,62
2026-05-31,31,64
2026-06-07,19,52
2026-06-14,14,49
2026-06-21,17,49
2026-06-28,13,42
2026-07-05,13,30
2026-07-12,7,20
2026-07-19,7,12
2026-07-26,7,13
2026-08-02,6,15
